date	id	username	pos_score	neg_score	neut_score	predicted_sent	text	opponent_mentioned
2020-10-20	1318553184172998658	RealDonaldTrump	-3.995	6.421	-2.528	negative	“Stock Markets will hit new highs if President Trump wins.  Tremendous growth like never before. If Biden wins, it’s strangulation. Not good.” @SteveKalayjian @Varneyco	True
2020-10-20	1318549645992300544	RealDonaldTrump	-0.481	1.01	-0.378	negative	To the great people of New York, California, and Illinois, your states are way too highly taxed, big crime, people fleeing, and just about every other problem you can have. VOTE TRUMP, I will turn them around for you, FAST!	False
2020-10-20	1318521256325636096	RealDonaldTrump	5.889	-3.744	-2.027	positive	Will be interviewed on @foxandfriends at 8:00 A.M. Enjoy!	False
2020-10-19	1318338916353675264	RealDonaldTrump	6.128	-4.255	-2.253	positive	THANK YOU TUCSON, ARIZONA! Together, we are going to MAKE AMERICA GREAT AGAIN!! 	False
2020-10-19	1318301849666134021	RealDonaldTrump	4.709	-5.538	1.447	positive	Heading for Tucson. See you in a little while. Winning Arizona!	False
2020-10-19	1318294758490476544	RealDonaldTrump	5.169	-5.965	-0.16	positive	THANK YOU ARIZONA! Together, we are going to MAKE AMERICA GREAT AGAIN!  	False
2020-10-19	1318276008303382529	RealDonaldTrump	6.033	-3.098	-3.186	positive	Just arriving in Prescott, what a crowd! I love Arizona!! 	False
2020-10-19	1318270345162354688	RealDonaldTrump	5.692	-2.819	-3.206	positive	A perfect strike for the American people! 	False
2020-10-19	1318267921227943936	RealDonaldTrump	-3.994	6.814	-3.396	negative	Governor Cuomo has shown tremendously poor leadership skills in running N.Y. Bad time for him to be writing and promoting a book, especially since he has done such a poor job with Covid and Crime. So many unnecessary deaths. The City &amp; State have sunk to historic lows...	False
2020-10-19	1318267922112942080	RealDonaldTrump	-3.091	5.816	-2.462	negative	....Washington wants nothing to do with him, and that’s so bad for New York, which has become a ghost town. Andrew spends too much time listening to his brother, Fredo. Forget the books and your apology tour. The Federal Government would love to help New York regain its luster!	False
2020-10-19	1318252740431155200	RealDonaldTrump	-3.833	6.62	-2.807	negative	...P.S. Tony should stop wearing the Washington Nationals’ Mask for two reasons. Number one, it is not up to the high standards that he should be exposing. Number two, it keeps reminding me that Tony threw out perhaps the worst first pitch in the history of Baseball!	False
2020-10-19	1318252736538767360	RealDonaldTrump	1.996	-2.258	-0.847	positive	Dr.Tony Fauci says we don’t allow him to do television, and yet I saw him last night on @60Minutes, and he seems to get more airtime than anybody since the late, great, Bob Hope. All I ask of Tony is that he make better decisions. He said “no masks &amp; let China in”. Also, Bad arm!	False
2020-10-19	1318251010595303424	RealDonaldTrump	5.716	-4.845	-2.397	positive	GREAT news! New government of Sudan, which is making great progress, agreed to pay $335 MILLION to U.S. terror victims and families. Once deposited, I will lift Sudan from the State Sponsors of Terrorism list. At long last, JUSTICE for the American people and BIG step for Sudan!	False
2020-10-19	1318245458796376065	RealDonaldTrump	-2.085	-4.433	6.079	neutral	Heading for Arizona. See you soon!	False
2020-10-19	1318242343850373120	RealDonaldTrump	6.183	-3.522	-3.306	positive	@maggieNYT  There has never been a time in either of my two Campaigns when I felt we had a stronger chance of winning than we do right now. Early voting reports look far stronger than originally anticipated. Every RALLY is BOFFO. @MarkMeadows &amp; team are doing a fantastic job....	False
2020-10-19	1318242345423269889	RealDonaldTrump	4.828	-2.738	-2.883	positive	....There has never been more enthusiasm or spirit, by everyone. Great fun, and so good for our Country. Already winning many states, but not reported. Biden put the LID on again - raising money with promises. They finally caught him, COLD, and he knows it. Laptop is devastating!	True
2020-10-19	1318240432006987778	RealDonaldTrump	6.044	-4.159	-2.777	positive	WOW! Thank you ARIZONA! Departing Nevada now, and will see you all soon. Together, we are going to MAKE AMERICA GREAT AGAIN!  	False
2020-10-19	1318236535607623680	RealDonaldTrump	-1.637	-4.239	6.719	neutral	FLORIDA—Early voting is underway! For more information, go to , and let’s MAKE AMERICA GREAT AGAIN!	False
2020-10-19	1318235826149453824	RealDonaldTrump	-1.919	-3.932	6.526	neutral	PENNSYLVANIA! Today is the last day to register to VOTE! #MAGA  	False
2020-10-19	1318059150174138368	RealDonaldTrump	-3.889	-2.874	6.39	neutral	Sen. Ron Johnson Calls For FBI To Address Reported Biden Ukraine Meeting  via @BreitbartNews	True
2020-10-19	1318003668768026624	RealDonaldTrump	1.314	-4.48	2.264	neutral	Watch the @marklevinshow on @FoxNews at 10:00 P.M. He will importantly be talking about the corruption of Joe Biden. @SteveHiltonx and Larry Kudlow were great tonight!	True
2020-10-19	1317993872643870720	RealDonaldTrump	4.532	-2.831	-1.813	positive	THANK YOU NEVADA! 	False
2020-10-18	1317959831081250816	RealDonaldTrump	5.487	-4.112	-1.717	positive	Big show tonight on @FoxNews! @MarkLevinShow will be exposing Joe Biden’s Corruption at 8:00pmE — and of course, don’t miss @NextRevFNC with @SteveHiltonx at 9:00pmE!	True
2020-10-18	1317952428759678976	RealDonaldTrump	6.06	-4.386	-2.743	positive	THANK YOU Newport Beach, California! Now on my way to Carson City, Nevada. Another big crowd, see you soon! #MAGA 	False
2020-10-18	1317891781648773121	RealDonaldTrump	-3.571	5.367	-1.69	negative	Corrupt politician Joe Biden makes Crooked Hillary look like an amateur!	True
2020-10-18	1317861704819118080	RealDonaldTrump	-5.068	4.194	1.175	negative	Not my Wall, which will soon be finished (and Mexico will pay for the Wall!). Totally unrelated, but I think Steve will be just fine. By the way, is this the same job hopping Tim O’Brien that headed Mini Mike Bloomberg’s humiliating 2 Billion Dollar Presidential run? Debate prep! 	False
2020-10-18	1317858680461668352	RealDonaldTrump	6.198	-3.644	-3.029	positive	Very proud of the @nypost, my former “hometown newspaper”. They have said and shown what everyone knows about Sleepy Joe Biden. He is a CORRUPT POLITICIAN!!!	True
2020-10-18	1317852810302558208	RealDonaldTrump	-4.098	6.651	-2.366	negative	Joe Biden is a corrupt politician, and everybody knows it. Now you have the proof, perhaps like never was had before on a major politician. Laptop plus. This is the second biggest political scandal in our history!	True
2020-10-18	1317825484495880192	RealDonaldTrump	-3.664	6.375	-3.292	negative	Hunter Biden’s laptop is a disaster for the entire Biden family, but especially for his father, Joe. It is now a proven fact, and cannot be denied, that all of that info is the REAL DEAL. That makes it impossible for “50%, or 10%” Joe, to ever assume the office of the President!	True
2020-10-18	1317822838519128068	RealDonaldTrump	1.531	-1.654	0.621	positive	The United States shows more CASES than other countries, which the Lamestream Fake News Media pounces on daily, because it TESTS at such a high (and costly) level. No country in the world tests at this level. The more you TEST, the more CASES you will be reporting. Very simple!	False
2020-10-18	1317692654809796608	RealDonaldTrump	5.575	-3.36	-3.272	positive	John, thank you. Such a great honor! 	False
2020-10-18	1317677402453995521	RealDonaldTrump	-4.398	5.157	0.778	negative	“Bins full of ballots in a dumpster” 	False
2020-10-18	1317652898910674945	RealDonaldTrump	-3.664	4.46	-0.818	negative	...while sacrificing American blood and treasure in endless foreign wars. Joe Biden is a corrupt politician — and the Biden family is a criminal enterprise. This makes Crooked Hillary Clinton look like amateur hour!	True
2020-10-18	1317652894678609921	RealDonaldTrump	-3.478	6.36	-2.88	negative	Joe Biden is the living embodiment of the corrupt political class that enriched itself while draining the economic life and soul from our Country. For the last 47 years, Joe Biden shipped away your jobs, shut down your factories, threw open your borders, and ravaged our cities...	True
2020-10-18	1317651520763031554	RealDonaldTrump	5.47	-3.231	-3.138	positive	This election is a choice between a TRUMP RECOVERY and a BIDEN DEPRESSION. If you vote for me, prosperity will surge, normal life will fully resume, and next year will be one of the greatest years in the history of our Country! 	True
2020-10-18	1317645019810025473	RealDonaldTrump	4.414	-5.121	0.486	positive	If you support our Police, if you stand with the HEROES of Law Enforcement, then you must defeat Joe Biden on November 3rd—VOTE #MAGA! 	True
2020-10-18	1317644543882334209	RealDonaldTrump	-4.286	6.017	-1.598	negative	The Democrat Party you once knew — no longer exists! 	False
2020-10-18	1317644220207927296	RealDonaldTrump	6.182	-3.492	-3.033	positive	17 days from now, we are going to win the Great State of WISCONSIN, and we are going to win 4 more years in the White House! Early Voting begins on Tuesday in WISCONSIN — so make sure you GET OUT AND VOTE! #MAGA 	False
2020-10-18	1317641305313378308	RealDonaldTrump	2.594	-1.899	-0.919	positive	THANK YOU WISCONSIN! 	False
2020-10-17	1317604495652651008	RealDonaldTrump	-0.757	-5.16	5.499	neutral	Getting ready to land in Wisconsin. See you soon!	False
2020-10-17	1317602778525528065	RealDonaldTrump	6.0	-4.421	-1.848	positive	Final RCP Polling Averages Had Hillary Clinton Winning MI, WI, and PA  via @BreitbartNews The Polls are Fake just like much of the reported news. I won it all against Crooked Hillary!	False
2020-10-17	1317601661955624960	RealDonaldTrump	3.314	-2.993	-0.463	positive	THANK YOU MICHIGAN!   	False
2020-10-17	1317600870922547200	RealDonaldTrump	-3.315	-3.569	6.505	neutral	Joe Biden-Linked Firm Made Major Investments in Chinese Corporations  via @BreitbartNews	True
2020-10-17	1317600013363499008	RealDonaldTrump	5.796	-3.705	-3.257	positive	It was GREAT to be back in MICHIGAN with thousands of loyal, hardworking American Patriots — 17 days from now, we are going to win the state of MICHIGAN, and we are going to win 4 more years in the White House! #MAGA 	False
2020-10-17	1317570113051111424	RealDonaldTrump	-1.385	-4.375	5.767	neutral	Getting ready to land in Muskegon, Michigan. Another giant crowd. See you soon! #MAGA	False
2020-10-17	1317568255842676736	RealDonaldTrump	-2.025	-3.691	6.274	neutral	GEORGIA! Early voting is underway. Get out and VOTE to MAKE AMERICA GREAT AGAIN! 	False
2020-10-17	1317559210117271552	RealDonaldTrump	-1.711	-4.387	5.658	neutral	Early voting in Nevada is underway! Go to  to get everything you need to cast your VOTE and MAKE AMERICA GREAT AGAIN! 	False
2020-10-17	1317550703825485825	RealDonaldTrump	4.425	-3.633	-1.903	positive	Sean is a great warrior. His opponent is a Pelosi puppet. Vote for Sean Parnell ASAP. Thanks! 	False
2020-10-17	1317545562158268417	RealDonaldTrump	5.786	-4.004	-2.539	positive	100% True! 	False
2020-10-17	1317545209010454528	RealDonaldTrump	5.5	-3.275	-3.626	positive	Great! 	False
2020-10-17	1317544845251063809	RealDonaldTrump	-3.223	5.641	-1.944	negative	Biden is a National Security threat! 	True
2020-10-17	1317544121112866822	RealDonaldTrump	-3.927	6.358	-2.936	negative	She’s always been terrible &amp; unfair, just like most of the Fake News reporters, but I’ll still play the game. The people know! How’s Steve Scully doing? 	False
2020-10-17	1317500453102493702	RealDonaldTrump	3.821	-3.21	-0.872	positive	SLEEPY JOE BIDEN IS PROPOSING THE BIGGEST TAX HIKE IN OUR COUNTRY’S HISTORY! CAN ANYBODY REALLY VOTE FOR THIS?	True
2020-10-17	1317497136523759617	RealDonaldTrump	5.305	-3.785	-1.488	positive	SLEEPY JOE BIDEN IS PROPOSING THE BIGGEST TAX HIKE IN OUR COUNTRIES HISTORY! CAN ANYBODY REALLY VOTE FOR THIS?	True
2020-10-17	1317496034034057216	RealDonaldTrump	4.252	-3.509	-0.848	positive	GIANT RED WAVE COMING!	False
2020-10-17	1317495725786353670	RealDonaldTrump	-3.409	6.808	-3.061	negative	....practically nothing. Both Senators became totally unelectable, couldn’t come even close to winning their primaries, and decided to drop out of politics and gracefully “RETIRE”. @SenSasse could be next, or perhaps the Republicans should find a new and more viable candidate?	False
2020-10-17	1317495722133065728	RealDonaldTrump	-1.134	-3.967	5.448	neutral	Senator Little Ben Sasse of the Great State of Nebraska seems to be heading down the same inglorious path as former Senators Liddle’ Bob Corker, whose approval rating in Tennessee went from 55% to 4%, &amp; Jeff “the Flake” Flake, whose approval rating in Arizona went from 56% to....	False
2020-10-17	1317460178246291462	RealDonaldTrump	3.739	-1.979	-1.982	positive	The least effective of our 53 Republican Senators, and a person who truly doesn’t have what it takes to be great, is Little Ben Sasse of Nebraska, a State which I have gladly done so much to help. @SenSasse was as nice as a RINO can be until he recently won the Republican....	False
2020-10-17	1317460179223498753	RealDonaldTrump	-3.816	5.862	-2.355	negative	...Nomination to run for a second term. Then he went back to his rather stupid and obnoxious ways. Must feel he can’t lose to a Dem. Little Ben is a liability to the Republican Party, and an embarrassment to the Great State of Nebraska. Other than that, he’s just a wonderful guy!	False
2020-10-17	1317458002828460033	RealDonaldTrump	-4.563	2.981	1.883	negative	Trump in Georgia: ‘Nobody Has Done More for the Black Community‘  via @BreitbartNews	False
2020-10-17	1317273920869928961	RealDonaldTrump	4.792	-3.039	-2.078	positive	THANK YOU MACON, GEORGIA! 	False
2020-10-16	1317237360094965760	RealDonaldTrump	-2.425	-4.245	6.92	neutral	Getting ready to land in Macon, Georgia. Another giant crowd. See you soon!	False
2020-10-16	1317225324623532032	RealDonaldTrump	5.506	-4.026	-2.084	positive	THANK YOU OCALA, FLORIDA! 	False
2020-10-16	1317199596649541633	RealDonaldTrump	5.239	-3.506	-2.618	positive	Getting ready to speak in Florida. Enjoy!	False
2020-10-16	1317140754733543424	RealDonaldTrump	-3.953	6.361	-2.465	negative	Biden made another big mistake. He totally mixed up two Crime Bills. Didn’t have a clue (as usual!). Also, he freely used the term SUPER PREDATOR!!!	True
2020-10-16	1317081982166323200	RealDonaldTrump	-3.691	6.772	-3.473	negative	There is a nasty rumor out there that @SenatorCollins of Maine will not be supporting our great United States Supreme Court Nominee. Well, she didn’t support Healthcare or my opening up 5000 square miles of Ocean to Maine, so why should this be any different. Not worth the work!	False
2020-10-16	1317078386225893378	RealDonaldTrump	-2.883	-3.567	6.503	neutral	Big T was not a reference to me, but rather to Big Tech, which should have been properly pointed out in Twitter’s Fake Trending Section!	False
2020-10-16	1317076736555819008	RealDonaldTrump	-3.866	6.572	-3.349	negative	Steve Scully of @cspan had a very bad week. When his name was announced, I said he would not be appropriate because of conflicts. I was right! Then he said he was hacked, he wasn’t. I was right again! But his biggest mistake was “confiding” in a lowlife loser like the Mooch. Sad!	False
2020-10-16	1317065042706268162	RealDonaldTrump	6.269	-3.776	-2.954	positive	Very good reviews on last night’s @NBCNews Town Hall in Miami. Thank you!!!	False
2020-10-16	1317063921375842305	RealDonaldTrump	5.867	-3.342	-3.679	positive	Polls numbers are looking very strong. Big crowds, great enthusiasm. Massive RED WAVE coming!!!	False
2020-10-16	1317062178265026562	RealDonaldTrump	-3.261	-1.521	4.399	neutral	Biden lied Pennsylvania! 	True
2020-10-16	1317060388371025922	RealDonaldTrump	5.308	-3.705	-2.265	positive	Thank you! 	False
2020-10-16	1317057909927325700	RealDonaldTrump	5.865	-3.3	-2.804	positive	Thank you LIBERTARIANS. We are getting it all done, and FAST! VOTE TRUMP!!! 	False
2020-10-16	1317056951986098176	RealDonaldTrump	-2.521	-3.583	6.527	neutral	The process has long begun. Happening fast! 	False
2020-10-16	1317056094548774914	RealDonaldTrump	5.149	-3.187	-3.184	positive	Great! 	False
2020-10-16	1317053924096999426	RealDonaldTrump	-3.69	6.082	-2.995	negative	Sleepy Joe Biden had a very bad showing last night, despite the fact that @GStephanopoulos didn’t ask him any questions on his being a “corrupt politician”. Big Tech &amp; Lamestream Media are working hard to hide this corruption!!!	True
2020-10-16	1317049630023090177	RealDonaldTrump	-4.459	6.804	-2.157	negative	Ammar is a puppet for Nancy Pelosi and the Radical Left. He spells higher taxes, weak Military and Vet support, and the obliteration of your 2nd Amendment. Vote Darrell Issa! 	False
2020-10-16	1317047940473626624	RealDonaldTrump	5.67	-3.019	-3.878	positive	Darrell is great. He has my Complete and Total Endorsement. He will Never let you down. WARRIOR!!!! 	False
2020-10-16	1317046789049122816	RealDonaldTrump	5.624	-3.1	-3.842	positive	Jason wrote a new book. It is fantastic. Order it Now, make Jason #1- He deserves it!!! 	False
2020-10-16	1317044734989402112	RealDonaldTrump	5.847	-3.748	-2.824	positive	Thank you! 	False
2020-10-16	1317044556328730625	RealDonaldTrump	-4.492	4.621	0.192	negative	Twitter Shuts Down Entire Network To Slow Spread Of Negative Biden News  via @TheBabylonBee Wow, this has never been done in history. This includes his really bad interview last night. Why is Twitter doing this. Bringing more attention to Sleepy Joe &amp; Big T	True
2020-10-15	1316842581985173504	RealDonaldTrump	-3.241	6.464	-3.002	negative	THANK YOU NORTH CAROLINA! 	False
2020-10-15	1316841775466651648	RealDonaldTrump	-3.206	-2.68	6.243	neutral	Pelosi is holding up STIMULUS, not the Republicans!	False
2020-10-15	1316839129833902080	RealDonaldTrump	-2.302	-4.146	6.18	neutral	I will be doing a major Fake @NBCNews Town Hall Forum, live tonight from Miami, at 8:00 P.M. They asked me to do it in place of the Rigged Steve Scully (he is now suspended from @cspan for lying) Debate. I wonder if they’ll treat me as well as Sleepy Joe? They should!	True
2020-10-15	1316829885147480064	RealDonaldTrump	-4.304	5.674	-2.153	negative	I was right again! Steve Scully just admitted he was lying about his Twitter being hacked. The Debate was Rigged! He was suspended from @cspan indefinitely. The Trump Campaign was not treated fairly by the “Commission”. Did I show good instincts in being the first to know?	False
2020-10-15	1316823238958149632	RealDonaldTrump	-4.336	6.175	-2.281	negative	If we don’t win, the Radical Left will destroy our Country. Biden refuses to answer questions on packing the SCOTUS! Dems will pack the Court w/ radical left justices who will shred the #2A, empower violent mobs, and protect terrorists &amp; violent criminals! 	True
2020-10-15	1316822302533668864	RealDonaldTrump	-3.682	6.792	-2.221	negative	Joe Biden and the Democrat Socialists will kill your jobs, dismantle your police departments, dissolve your borders, release criminal aliens, raise your taxes, confiscate your guns, end fracking, destroy your suburbs, and drive God from the public square. 	True
2020-10-15	1316821530769149952	RealDonaldTrump	-3.3	6.287	-2.698	negative	If Big Tech persists, in coordination with the mainstream media, we must immediately strip them of their Section 230 protections. When government granted these protections, they created a monster! 	False
2020-10-15	1316821231648215040	RealDonaldTrump	5.642	-4.169	-2.821	positive	It was great to be back in North Carolina with thousands of loyal, hardworking American Patriots! This election is a simple choice: If Biden Wins, China Wins. When WE Win, YOU WIN, North Carolina WINS, and America WINS! 	True
2020-10-15	1316789583518953473	RealDonaldTrump	-3.387	6.325	-2.645	negative	THANK YOU NORTH CAROLINA, ON MY WAY! #MAGA 	False
2020-10-15	1316769383990153216	RealDonaldTrump	-2.9	-3.561	7.031	neutral	Volunteer to be a Trump Election Poll Watcher. Sign up today! #MakeAmericaGreatAgain 	False
2020-10-15	1316765367851798531	RealDonaldTrump	-1.203	-3.257	5.544	neutral	If Biden wins—China will OWN the United States... 	True
2020-10-15	1316758404388532225	RealDonaldTrump	4.023	-1.189	-4.063	positive	Heading to North Carolina soon. Really Big Crowd. We will have a great time!!!	False
2020-10-15	1316733761262948352	RealDonaldTrump	6.114	-4.059	-2.839	positive	Will be interviewed by @Varneyco on @FoxBusiness  at 10:00 A.M.  Enjoy!	False
2020-10-15	1316691151936724993	RealDonaldTrump	-1.076	-1.518	2.694	neutral	Nobody has ever done as much for Iowa as I have done for Iowa - Not even close!!! 	False
2020-10-15	1316664886437568512	RealDonaldTrump	5.606	-3.221	-3.066	positive	So many great people mentioned in this article. Thank you! 	False
2020-10-15	1316599114549866497	RealDonaldTrump	-3.069	4.214	-0.649	negative	VOTE TRUMP. SAVE YOUR 2ND. AMENDMENT. 	False
2020-10-15	1316598194894233601	RealDonaldTrump	5.851	-3.836	-3.062	positive	Nancy Pelosi couldn’t care less about the American People or the great American Worker. She should approve needed STIMULUS now. Most other Dems agree. Republicans are ready to go, I am ready to sign!!!	False
2020-10-15	1316596552757063680	RealDonaldTrump	-3.549	6.491	-2.43	negative	People are fleeing California. Taxes too high, Crime too high, Brownouts too many, Lockdowns too severe. VOTE FOR TRUMP, WHAT THE HELL DO YOU HAVE TO LOSE!!!	False
2020-10-15	1316594924075311104	RealDonaldTrump	5.969	-3.859	-2.725	positive	Jorge, you’re really tough and really smart. My Great Honor to have your support! @GamebredFighter 	False
2020-10-15	1316587911349927936	RealDonaldTrump	-4.593	4.642	-0.128	negative	I’ve gone through years of a Fake, Illegal, and Totally Discredited Witch-Hunt, and now it’s revealed that it was a Hoax by the “other side”, which must pay a price for what they did. Think of where we’d be now without Fake &amp; Fraudulent stories every night, for years!!!	False
2020-10-15	1316580278568022016	RealDonaldTrump	-3.416	6.382	-2.144	negative	Congratulations to the @nypost for having exposed the massive corruption surrounding Sleepy Joe Biden and our Country. He’s always been a corrupt politician. Disgraceful!	True
2020-10-15	1316579572603904000	RealDonaldTrump	6.177	-4.263	-2.494	positive	Jorge, your really tough and really smart. My Great Honor to have your support! @GamebredFighter 	False
2020-10-15	1316558554732531713	RealDonaldTrump	-2.613	-3.672	6.576	neutral	Joe Biden must immediately release all emails, meetings, phone calls, transcripts, and records related to his involvement in his family’s business dealings and influence peddling around the world—including in CHINA! 	True
2020-10-15	1316558095628206080	RealDonaldTrump	5.772	-3.612	-2.985	positive	I was thrilled to be back in the American Heartland with thousands of loyal, hardworking IOWA Patriots! 20 days from now, we are going to win IOWA, and we are going to win 4 more years in the White House! 	False
2020-10-15	1316557590894006272	RealDonaldTrump	3.982	-4.335	-0.155	positive	THANK YOU IOWA! #MAGA 	False
2020-10-14	1316501350658707456	RealDonaldTrump	-3.902	6.676	-3.518	negative	So terrible that Facebook and Twitter took down the story of “Smoking Gun” emails related to Sleepy Joe Biden and his son, Hunter, in the @NYPost. It is only the beginning for them. There is nothing worse than a corrupt politician. REPEAL SECTION 230!!! 	True
2020-10-14	1316476068337987590	RealDonaldTrump	-0.051	-4.431	4.024	neutral	Just left the White House, on my way to the Great State of Iowa! 	False
2020-10-14	1316385654587170822	RealDonaldTrump	6.455	-4.275	-2.518	positive	Georgia, this is your chance to MAKE AMERICA GREAT AGAIN. We have been strong for our Military, Vets, 2nd Amendment, and ALL. VOTE NOW!	False
2020-10-14	1316381765443952641	RealDonaldTrump	-0.474	-3.294	4.356	neutral	Fight hard Republicans. They have been taking advantage of the system for years! 	False
2020-10-14	1316229344923201538	RealDonaldTrump	5.119	-2.707	-3.641	positive	Great night in Pennsylvania. Big and Enthusiastic Crowd. Will be back soon. VOTE!!!	False
2020-10-14	1316224198688333827	RealDonaldTrump	-1.965	-3.319	5.528	neutral	Vote for Trump. Save your 2nd Amendment! 	False
2020-10-14	1316223056579301377	RealDonaldTrump	-2.144	-3.622	6.065	neutral	Virginia, VOTE for President Trump and save your under siege 2nd Amendment. 	False
2020-10-14	1316214253527986178	RealDonaldTrump	4.72	-2.382	-2.368	positive	I will never let you down! #MAGA 	False
2020-10-14	1316188335862247424	RealDonaldTrump	5.57	-4.097	-1.928	positive	For years you had a President who apologized for America – now you have a President who is standing up for America, and standing up for Pennsylvania. So get your friends, get your family, get your neighbors, and GET OUT AND VOTE!  	False
2020-10-14	1316187932961587200	RealDonaldTrump	6.324	-3.698	-2.82	positive	Proud citizens like you helped build this Country—and together, we are taking back our Country. We are returning power to YOU, the American People! #MAGA 	False
2020-10-14	1316186724897157121	RealDonaldTrump	-3.363	-3.089	6.761	neutral	This election is a simple choice: If Biden Wins, China Wins. When WE Win, YOU WIN, Pennsylvania WINS, and America WINS! 	True
2020-10-14	1316186695579004929	RealDonaldTrump	5.427	-4.371	-1.628	positive	One of the most important issues for Pennsylvania is the survival of your fracking industry. Joe Biden has repeatedly pledged to abolish fracking. When asked about fracking, Biden said he would “make sure it’s ELIMINATED!” With me, you’re going to FRACK! 	True
2020-10-14	1316183611809300480	RealDonaldTrump	6.288	-4.073	-2.223	positive	Thank you Johnstown, Pennsylvania! 	False
2020-10-14	1316181929440366592	RealDonaldTrump	-3.605	-2.504	6.532	neutral	You mean only Democrats are allowed to do this? But haven’t the Dems been doing this for years? See you in court. Fight hard Republicans! 	False
2020-10-13	1316157905914089472	RealDonaldTrump	5.725	-3.703	-2.801	positive	Watch @OANN, @newsmax, @cspan. Just arrived in Pennsylvania. Enjoy!	False
2020-10-13	1316147082801995776	RealDonaldTrump	5.922	-4.412	-2.335	positive	Getting ready to land in Johnstown, Pennsylvania. Big crowd. See you soon!!!	False
2020-10-13	1316146752685174784	RealDonaldTrump	-3.549	6.825	-3.096	negative	Totally Negative China Virus Reports. Hit it early and hard. Fake News is devastated. They are very bad (and sick!) people!	False
2020-10-13	1316135797502996481	RealDonaldTrump	-3.433	6.254	-2.886	negative	How dare failed Presidential Candidate (1% and falling!) @CoryBooker make false charges and statements about me in addressing Judge Barrett. Illegally, never even lived in Newark when he was Mayor. Guy is a total loser! I want better Healthcare for far less money, always.....	False
2020-10-13	1316135799658876929	RealDonaldTrump	-3.991	6.917	-2.98	negative	....protecting people with Pre-existing conditions. He has done nothing on Healthcare, cost or otherwise, or virtually anything else. An empty suit!!!	False
2020-10-13	1316075346127663105	RealDonaldTrump	-2.791	-3.505	7.131	neutral	Early voting is underway in the Great States of GEORGIA and TEXAS. Find out where to early vote by clicking below! #MAGA 	False
2020-10-13	1316058353697726465	RealDonaldTrump	6.249	-3.882	-3.405	positive	Happy 245th Birthday to our GREAT @USNavy! #Navy245 	False
2020-10-13	1316057013592481794	RealDonaldTrump	-2.719	-3.65	6.627	neutral	Volunteer to be a Trump Election Poll Watcher. Sign up today! #MakeAmericaGreatAgain 	False
2020-10-13	1316056550113456131	RealDonaldTrump	-2.609	-4.082	6.836	neutral	Join me Friday (10/16) evening at 7:00pmE in Macon, Georgia at the Middle Georgia Regional Airport! #MAGA 	False
2020-10-13	1316055329751339008	RealDonaldTrump	-3.341	-3.845	6.805	neutral	Join me Friday (10/16) in Ocala, Florida at the Ocala International Airport at 4:00pmE! #MAGA 	False
2020-10-13	1316054678870863878	RealDonaldTrump	-2.494	-3.738	7.207	neutral	Join me on Thursday afternoon (1:00pmE) in Greenville, North Carolina at the Pitt-Greenville Airport! #MAGA 	False
2020-10-13	1316053824193339403	RealDonaldTrump	-2.976	-4.209	6.897	neutral	Join me tomorrow tonight (Wednesday) in Iowa, at the Des Moines International Airport! 	False
2020-10-13	1316053182775275521	RealDonaldTrump	-2.917	-3.477	6.952	neutral	Join me tonight at 7:00pmE in Johnstown, Pennsylvania at the John Murtha Johnstown-Cambria County Airport! #MAGA 	False
2020-10-13	1316032083219935236	RealDonaldTrump	-4.879	0.192	4.543	neutral	This is happening all over the U.S. Rigged Election??? 	False
2020-10-13	1316031426618327040	RealDonaldTrump	5.07	-4.479	-1.323	positive	STIMULUS! Go big or go home!!!	False
2020-10-13	1316011746973286400	RealDonaldTrump	-3.274	-0.524	3.408	neutral	“The Radical Left is trying hard to undermine the Christopher Columbus legacy. A great Italian opened new chapter in history of humanity by discovering the Americas”.  @OANN  Not on my watch!	False
2020-10-13	1315988404694396929	RealDonaldTrump	6.363	-3.876	-2.05	positive	Actually, Tony’s pitching arm is far more accurate than his prognostications. “No problem, no masks”. WHO no longer likes Lockdowns - just came out against. Trump was right. We saved 2,000,000 USA lives!!! 	False
2020-10-13	1315985954767802369	RealDonaldTrump	6.666	-4.928	-2.424	positive	We love the people of Lake Charles, Louisiana. You’ve been hit hard , and often, but your Federal Government is there to help. It will all work out, and FAST!!! @fema @USArmy	False
2020-10-13	1315983317620215808	RealDonaldTrump	6.21	-3.934	-3.064	positive	Republicans will be providing far better Healthcare than the Democrats, at a far lower cost...And will always protect people with Pre-existing conditions!!!!	False
2020-10-13	1315982627933949954	RealDonaldTrump	5.972	-3.239	-3.297	positive	GOP raises over 1 Billion Dollars through @WINRED since recent founding. November 3rd. The most important Election in the History of our Country!!!	False
2020-10-13	1315981668784709632	RealDonaldTrump	5.742	-3.148	-3.168	positive	California hired a pure Sleepy Joe Democrat firm to count and “harvest” votes. No way Republicans get a fair shake. Lawyers, get started!!! @GOPLeader  California is in big trouble. Vote Trump and watch the greatest comeback of them all!!! Also, New York and Illinois - go for it!	True
2020-10-13	1315979849916461056	RealDonaldTrump	0.87	-0.966	-0.995	positive	Congratulations Dan. You, Breitbart and others have decimated the business at Drudge. It’s gone the way of the @NBA, ratings down 70%. People want the TRUTH! Drudge Report sold out, suffered a massive “nervous breakdown”. Happening @FoxNews also??? 	False
2020-10-13	1315973257066151936	RealDonaldTrump	5.953	-3.991	-2.088	positive	Thank you Greg. You got their Hoax right from the beginning! 	False
2020-10-13	1315970782577782784	RealDonaldTrump	5.595	-2.964	-3.821	positive	Thank you, so nice! 	False
2020-10-13	1315969227459883009	RealDonaldTrump	5.975	-2.633	-3.038	positive	Always safe Katie! 	False
2020-10-13	1315968499370668032	RealDonaldTrump	5.802	-3.26	-3.11	positive	Matt is great. Strong on Military, Vets and our great 2nd Amendment. Has my Complete and Total Endorsement!!! 	False
2020-10-13	1315967223471566848	RealDonaldTrump	5.845	-3.267	-3.553	positive	Wow. Our future V.P. So cool! 	False
2020-10-13	1315963358840057856	RealDonaldTrump	0.362	-0.187	-1.39	positive	No thanks! 	False
2020-10-13	1315962975807852545	RealDonaldTrump	-3.591	-2.933	6.377	neutral	Scam! He worked for Sleepy Joe, but never admitted this rather major fact! 	True
2020-10-13	1315962397509722113	RealDonaldTrump	5.744	-3.033	-3.071	positive	Thank you!!! 	False
2020-10-13	1315961891521470467	RealDonaldTrump	-3.57	6.434	-2.312	negative	Far too many. His own Chief of Staff said they had “no idea what they were doing”. 	False
2020-10-13	1315956979786043392	RealDonaldTrump	5.402	-3.379	-2.431	positive	Thank you! 	False
2020-10-13	1315956703796625409	RealDonaldTrump	5.394	-5.238	-1.296	positive	He must create a list, like I did! Always considered most important Presidential decision. Voter’s entitled to know!!!! 	False
2020-10-13	1315955387162656768	RealDonaldTrump	-3.677	6.677	-2.623	negative	Mitt can’t be thrilled about this! Joe also said yesterday he’s running for the U.S. Senate (again) and totally forgot where he was (wrong State!). Joe has never been a nice or kind guy, so it’s easier to find this obvious &amp; rapidly getting worse “dementia” unacceptable for USA! 	False
2020-10-13	1315871589129498625	RealDonaldTrump	-3.852	6.466	-2.201	negative	I keep reading Fake News stories that my campaign is running low on money. Not true, &amp; if it were so, I would put up money myself. The fact is that we have much more money than we had 4 years ago, where we spent much less money than Crooked Hillary, and still easily won, 306-223!	False
2020-10-13	1315871590685564930	RealDonaldTrump	5.62	-3.742	-2.821	positive	....Much of the money we have spent is on our ground game, said to be the best ever put together. I’ll let you know how good it is on November 3rd. Very expensive to do, but opportunity could be BIG! I will spend additional money if we are not spending enough!	False
2020-10-13	1315868183459508226	RealDonaldTrump	5.545	-3.107	-3.388	positive	Great Florida Rally tonight. Big crowd, lot of enthusiasm (you win races with enthusiasm). Just got back. Tomorrow night it’s off to Pennsylvania and another BIG crowd. We are winning. Economy is starting to boom. Good timing!!!	False
2020-10-13	1315836801354027008	RealDonaldTrump	-3.816	-3.483	6.354	neutral	WH Physician: Donald Trump Now Testing Negative for Coronavirus  via @BreitbartNews	False
2020-10-13	1315835095148908545	RealDonaldTrump	-2.803	-2.538	6.404	neutral	Charles Hurt: The Democrats Have Wanted to Destroy the Court for Decades  via @BreitbartNews VOTE TRUMP!	False
2020-10-13	1315833544581799936	RealDonaldTrump	-1.155	-4.279	4.959	neutral	READ: Left-wing Radicals Post Online Guide to ‘Disrupting‘ the Country if Election is Close  via @BreitbartNews. They know it is over for them. Law &amp; Order will prevail, strong version!	False
2020-10-13	1315814006599237632	RealDonaldTrump	-1.27	-4.663	6.032	neutral	FLORIDA! Send in your absentee ballot if you have requested one. In-person Early Voting begins next week—so get your friends, get your family, get your neighbors, and GET OUT AND VOTE! Need more information? Go to ! #MAGA 	False
2020-10-13	1315811428146634755	RealDonaldTrump	-1.238	-2.645	2.981	neutral	I did more in 47 months than Biden did in 47 years. Now, he is pushing the most far-left agenda ever put forward by a presidential nominee... 	True
2020-10-13	1315810865216581632	RealDonaldTrump	-3.552	6.144	-2.758	negative	Biden refuses to answer questions on packing the Supreme Court. He says voters “don’t deserve” to know. If they win, Dems will pack the #SCOTUS w/ radical left justices who will shred the #2A, empower violent mobs, and shield deadly criminals &amp; terrorists. 	True
2020-10-13	1315809747677843456	RealDonaldTrump	-4.151	5.852	-2.914	negative	Joe Biden’s agenda would be a catastrophe for Florida Seniors. For years, Biden tried to cut Social Security and Medicare. Now Biden is pledging mass amnesty and federal healthcare for illegal aliens—decimating Medicare and destroying Social Security...	True
2020-10-13	1315808215435636737	RealDonaldTrump	5.743	-3.278	-3.076	positive	It was great to be back in my home state of FLORIDA to make my official return to the campaign trail. I am energized by your prayers, humbled by your support, and absolutely determined to finish what we started and Make America Greater than Ever Before! 	False
2020-10-12	1315782471783383040	RealDonaldTrump	-2.036	-3.715	6.504	neutral	Getting ready to land in Florida. BIG CROWD! Live on various networks: @OANN, @cspan, @newsmax and others!!!	False
2020-10-12	1315781835515817984	RealDonaldTrump	2.165	-1.164	-1.776	positive	.@FoxNews allows more negative ads on me than practically all of the other networks combined. Not like the old days, but we will win even bigger than 2016. Roger Ailes was the GREATEST!	False
2020-10-12	1315779944002199552	RealDonaldTrump	-4.032	6.981	-2.796	negative	“I’m running as a proud Democrat, for the Senate”. Sleepy Joe Biden today. It’s only going to get worse. It is not sustainable for our County - China will own us!!!!	True
2020-10-12	1315778779097100289	RealDonaldTrump	-3.442	6.246	-3.082	negative	Biden losing big in Florida. Only Fake Polls show otherwise! Bad for Healthcare. Thinks he’s running for the Senate. Forgot Mitt Romney’s name, and where he was!	True
2020-10-12	1315775454557532160	RealDonaldTrump	5.91	-3.089	-3.622	positive	Happy National Farmers Day! 	False
2020-10-12	1315769883318124544	RealDonaldTrump	-4.267	5.921	-1.98	negative	The World Health Organization just admitted that I was right. Lockdowns are killing countries all over the world. The cure cannot be worse than the problem itself. Open up your states, Democrat governors. Open up New York. A long battle, but they finally did the right thing!	False
2020-10-12	1315762862640439296	RealDonaldTrump	5.714	-3.119	-2.725	positive	Republicans should be strongly focused on completing a wonderful stimulus package for the American People!	False
2020-10-12	1315761931303624704	RealDonaldTrump	-4.952	4.053	1.132	negative	What’s going on, almost nobody is showing up for Sleepy Joe rallies!	True
2020-10-12	1315761783177576450	RealDonaldTrump	-3.589	6.734	-3.279	negative	Sleepy Joe Biden had a particularly bad day today. He couldn’t remember the name of Mitt Romney, said again he was running for the U.S. Senate, and forgot what State he was in. If I did any of this, it would be disqualifying. With him, he’s just Sleepy Joe!	True
2020-10-12	1315752374137479174	RealDonaldTrump	-3.12	6.343	-3.405	negative	He should sue the women, and all of those who illegally worked with them, for false and disgusting accusations!!! 	False
2020-10-12	1315750286250704896	RealDonaldTrump	-4.025	6.221	-2.886	negative	Cuomo Dodges on Whether Sending COVID Patients into Nursing Homes Was a Mistake  via @BreitbartNews. He really blew it. Could have put people in Convention Center or Hospital Ship. Didn’t have a clue!!!	False
2020-10-12	1315748228462243848	RealDonaldTrump	4.398	-5.735	0.403	positive	Leaving now for Florida Rally. Big crowds!	False
2020-10-12	1315747649681870849	RealDonaldTrump	-2.27	-3.868	6.619	neutral	Viewership for NBA Finals Finale Crash Nearly 70%, Beaten by Random Sunday Night Football Game  via @BreitbartNews Maybe they were watching in China, but I doubt it. Zero interest!	False
2020-10-12	1315746176021528577	RealDonaldTrump	5.352	-3.432	-2.017	positive	Joe Biden has let the Unions down — always has, always will! 	True
2020-10-12	1315744432042528769	RealDonaldTrump	-3.851	6.455	-2.342	negative	307,000 Veterans Died waiting for Healthcare at the V.A. During Sleepy Joe Biden’s Watch. 800,000 Records Stalled! A complete and total disaster.	True
2020-10-12	1315742009760657408	RealDonaldTrump	1.193	-5.489	4.138	neutral	Heading to the Greatest Economy Of All Time!!!  VOTE	False
2020-10-12	1315741721142140929	RealDonaldTrump	-3.911	6.53	-3.229	negative	So Biden is coughing and hacking and playing “fingers” with his mask, all over the place, and the Fake News doesn’t want to even think about discussing it. “Journalism” has reached the all time low in history. Sadly, Lamestream knows this and doesn’t even care!	True
2020-10-12	1315735543003721729	RealDonaldTrump	5.08	-3.059	-3.177	positive	Almost nobody showed up to the Sleepy Joe Biden “Rally” in Ohio. The reporting and polls are a Media Con Job - Fake News. We have far more support and enthusiasm than even in 2016. November 3rd. will be a great day for America!!!  #MAGA	True
2020-10-12	1315706457271267329	RealDonaldTrump	5.523	-3.395	-2.083	positive	HAPPY COLUMBUS DAY TO ALL!	False
2020-10-12	1315697299192975362	RealDonaldTrump	5.56	-3.79	-2.607	positive	STOCK MARKET UP ANOTHER 300 POINTS - GREATEST LEADING INDICATOR OF THEM ALL!!! DON’T RUIN IT WITH SLEEPY JOE!!!	True
2020-10-12	1315695492676890631	RealDonaldTrump	5.209	-3.5	-3.105	positive	The Economy is about ready to go through the roof. Stock Market ready to break ALL-TIME RECORD. 401k’s incredible. New Jobs Record. Remember all of this when you VOTE. Sleepy Joe wants to quadruple your Taxes. Depression!!! Don’t let it happen! #MAGA	True
2020-10-12	1315682595766784004	RealDonaldTrump	6.031	-3.885	-2.754	positive	Republicans must state loudly and clearly that WE are going to provide much better Healthcare at a much lower cost. Get the word out! Will always protect pre-existing conditions!!!	False
2020-10-12	1315680867919040513	RealDonaldTrump	-3.5	-3.282	6.967	neutral	We will have Healthcare which is FAR BETTER than ObamaCare, at a FAR LOWER COST - BIG PREMIUM REDUCTION. PEOPLE WITH PRE EXISTING CONDITIONS WILL BE PROTECTED AT AN EVEN HIGHER LEVEL THAN NOW. HIGHLY UNPOPULAR AND UNFAIR INDIVIDUAL MANDATE ALREADY TERMINATED. YOU’RE WELCOME!	False
2020-10-12	1315678436904534018	RealDonaldTrump	-4.226	6.252	-1.742	negative	So Crazy to watch Senator Blumenthal of Connecticut lecture all on morals &amp; ethics when for 25 years he said he was a Great War Hero in Vietnam, and he was never even there. He lied &amp; cheated right up until the day he got caught. Thank you to those in military who turned him in!	False
2020-10-12	1315668059751931904	RealDonaldTrump	1.283	-1.368	-0.083	positive	STOCK MARKET UP BIG!	False
2020-10-12	1315667018696273921	RealDonaldTrump	-3.618	5.993	-2.671	negative	Remember, I wouldn’t be President now had Obama and Biden properly done their job. The fact is, they were TERRIBLE!!!	True
2020-10-12	1315665495383781376	RealDonaldTrump	5.341	-3.24	-3.249	positive	November 3rd. will be the most exciting day in U.S. Election History, even more so than 2016. Tremendous excitement and enthusiasm, like perhaps never seen before. Nobody showing up to Sleepy Joe Rallies. Places are DEAD. Stiff!!! See you in Florida tonight.	True
2020-10-12	1315659219287314433	RealDonaldTrump	-4.069	6.138	-2.075	negative	Maxine Waters has long been considered “the most corrupt person in Congress”. Only habit keeps her there. Vote for Joe E. Collins lll and get this long time CROOK, Maxine Waters, out of office!!! 	False
2020-10-12	1315657598235013121	RealDonaldTrump	-4.155	5.804	-1.23	negative	Stock Market Up Big. Do I get no credit for this? Never even mentioned by the Fake News. A New Record for Stocks and Jobs Growth. Remember, “it’s the Economy Stupid”.  VOTE!!!	False
2020-10-12	1315654125640732672	RealDonaldTrump	-3.444	6.855	-3.256	negative	Our Country cannot survive as a Socialist Nation, and that’s what the Democrats want it to be. The USA will never become a large scale version of Venezuela. All control is already being taken away from Sleepy Joe. He has Zero to say!!!	True
2020-10-12	1315652617863864320	RealDonaldTrump	5.919	-2.773	-2.975	positive	The Republicans are giving the Democrats a great deal of time, which is not mandated, to make their self serving statements relative to our great new future Supreme Court Justice. Personally, I would pull back, approve, and go for STIMULUS for the people!!!	False
2020-10-12	1315639802084110336	RealDonaldTrump	-2.756	-3.401	6.865	neutral	Remember, Stock Market at an All Time High, and going up. 401k’s at RECORD. With Sleepy Joe comes Tax Increases, jobs losses and DEPRESSION like never seen before!!! VOTE!!!	True
2020-10-12	1315638896550576131	RealDonaldTrump	-3.647	6.705	-3.053	negative	SO MUCH FAKE NEWS! The Lamestream Media has gone absolutely insane because they realize we are winning BIG in all of the polls that matter. They write or show one false story after another. They are truly sick people. VOTE!!!	False
2020-10-12	1315634690045497344	RealDonaldTrump	-2.288	-2.646	4.515	neutral	Save your 2nd Amendment. Vote Trump! 	False
2020-10-12	1315633605490728960	RealDonaldTrump	-3.114	6.379	-3.116	negative	Illinois has no place to go. Sad, isn’t it? Vote Trump!	False
2020-10-12	1315633237667057666	RealDonaldTrump	-3.062	5.917	-3.046	negative	New York has gone to hell. Vote Trump!	False
2020-10-12	1315632997601771520	RealDonaldTrump	1.615	0.73	-1.283	positive	California is going to hell. Vote Trump!	False
2020-10-12	1315631984861949953	RealDonaldTrump	-4.223	6.878	-3.374	negative	He should have been prosecuted for the threats he made to the Justices. Pathetic! 	False
2020-10-12	1315631399446212610	RealDonaldTrump	5.573	-3.68	-2.172	positive	See you in Sanford, Florida, tonight for a Big Rally. Covered Live on @OANN, @newsmax and @cspan. Enjoy!!!	False
2020-10-12	1315625603329122304	RealDonaldTrump	-2.421	-2.728	6.417	neutral	Leading by a lot! 	False
2020-10-12	1315624311558934536	RealDonaldTrump	-3.725	6.419	-2.161	negative	Rigged! 	False
2020-10-12	1315624226737577987	RealDonaldTrump	-4.147	3.956	0.648	negative	No. A Rigged Election! 	False
2020-10-12	1315623184729858048	RealDonaldTrump	-4.446	-1.503	6.498	neutral	The FBI and Law Enforcement must focus their energy on ANTIFA and the Radical Left, those who have spent the summer trying to burn down poorly run Democrat Cities throughout the USA!	False
2020-10-12	1315621458056536070	RealDonaldTrump	-2.781	-0.556	3.777	neutral	Big spike in the China Plague in Europe and other places that the Fake News used to hold up as examples of places that are doing well, in order to make the U.S look bad. Be strong and vigilant, it will run its course. Vaccines and cures are coming fast!	False
2020-10-12	1315618688612159489	RealDonaldTrump	-3.582	6.292	-3.502	negative	These are Biden fools. ANTIFA RADICALS. Get them FBI, and get them now! 	True
2020-10-12	1315617492606353408	RealDonaldTrump	-3.222	3.786	-0.136	negative	Taking advantage of fools. Law &amp; Order! Portland, call in the Feds! 	False
2020-10-12	1315616788986712065	RealDonaldTrump	-3.722	6.061	-3.093	negative	Put these animals in jail, now. The Radical Left only knows how to take advantage of very dumb “leadership” fools. This is Biden! Law &amp; Order! 	True
2020-10-12	1315615735612346369	RealDonaldTrump	-3.372	6.486	-3.034	negative	The Radical Left fools in Portland don’t want any help from real Law Enforcement which we will provide instantaneously. Vote! 	False
2020-10-12	1315480195990781952	RealDonaldTrump	6.297	-4.517	-2.283	positive	Record 96% Approval Rating in the Republican Party. 53% Approval Rating Overall. Record 56% “Better Off Now” than 4 Years Ago (Gallup) during the Obama/Sleepy Joe Biden Administration, even as we round the turn on the China Plague. Thank you. Next year will be the BEST EVER!!!	True
2020-10-12	1315469486821122053	RealDonaldTrump	6.059	-3.408	-3.576	positive	The Democrats are very proud! 	False
2020-10-12	1315469484472307712	RealDonaldTrump	3.837	-5.254	1.465	positive	It’s the only way they know! 	False
2020-10-12	1315454491441934336	RealDonaldTrump	4.154	-2.188	-2.863	positive	“56% of registered voters tell Gallup that they are better off than they were 4 years ago (under Obama/Biden), while only 32% said they were worse off.” Highest number on satisfaction yet recorded, by far. mgoodwin@nypost.com... And it will only get better!!! VOTE	True
2020-10-12	1315454466418712576	RealDonaldTrump	-3.636	6.225	-2.16	negative	Turn California around. No more shutdowns, rolling blackouts, forest fires (management), or water rationing (because millions of gallons are stupidly routed out into the Pacific Ocean). VOTE TRUMP! 	False
2020-10-12	1315451046609727488	RealDonaldTrump	6.165	-3.873	-2.89	positive	See you in FLORIDA tomorrow night. Big Rally!!!	False
2020-10-11	1315417973591547906	RealDonaldTrump	-4.986	5.208	0.596	negative	The Fake News, @CNN, MSDNC, the failing @nytimes, and the rest, are working overtime spewing every lie in the book to make sure they can demean and disparage, at the highest level possible, to try and win an election for a man who is totally unqualified to be your President, S.J.	False
2020-10-11	1315414353105960960	RealDonaldTrump	5.632	-3.589	-2.673	positive	They are indeed Dr. Fauci’s own words. We have done a “phenomenal” job, according to certain governors. Many people agree...And now come the Vaccines &amp; Cures, long ahead of projections! 	False
2020-10-11	1315341383964610562	RealDonaldTrump	-3.329	6.533	-3.252	negative	Biden evades “Court Packing” question. @FoxNews  Because his puppet masters are willing to destroy the U.S. Supreme Court. Don’t let this, and so many other really bad things, happen. VOTE!	True
2020-10-11	1315340545280151552	RealDonaldTrump	-3.454	6.941	-2.835	negative	People don’t remember the chaos, hatred &amp; discord that we all went through during the 8 years of Obama/Biden. St. Louis, Oakland, Baltimore, and so many other places,  were a complete &amp; total disaster. I wouldn’t be in the beautiful White House if it weren’t for Sleepy Joe, etc.	True
2020-10-11	1315316071243476997	RealDonaldTrump	1.356	-0.016	-2.59	positive	A total and complete sign off from White House Doctors yesterday. That means I can’t get it (immune), and can’t give it. Very nice to know!!!	False
2020-10-11	1315312941449740288	RealDonaldTrump	-2.952	-3.101	5.779	neutral	AP has long been Fake News! 	False
2020-10-11	1315311656776409088	RealDonaldTrump	-3.404	5.711	-2.184	negative	In 2016, the ABC News/Washington Post Poll was such a complete disaster that these two Fake News Organizations changed the numbers prior to the Election. Now these haters are trying the same thing, though on a lesser scale, again. Will have a bigger win than even 2016!	False
2020-10-11	1315293995128573952	RealDonaldTrump	-3.949	6.287	-2.779	negative	.@NateSilver538  “The Trump 2016 Victory was the most shocking political development of my lifetime.” That’s only because you got it  so wrong. This time there is far more ENTHUSIASM even than 2016. Winning many States much more easily than people understand. BIG CROWDS!!!	False
2020-10-11	1315286705696579584	RealDonaldTrump	5.34	-3.033	-2.898	positive	15 minutes to @MariaBartiromo interview. Enjoy!	False
2020-10-11	1315106212543975425	RealDonaldTrump	-3.435	7.055	-3.254	negative	FDR’s own party told him you cannot PACK the United States Supreme Court, it would permanently destroy the Court. @judgejeanine @tedcruz But now the Radical Left Democrats are pushing Biden to do this. He has zero chance against them!	True
2020-10-11	1315091623907385344	RealDonaldTrump	6.262	-5.016	-1.707	positive	Oklahoma, we need @StephanieBice in Congress! She delivers for our Teachers &amp; Students, and she will always protect your #2A &amp; Energy Jobs, unlike her opponent who votes against our Oil &amp; Gas industry. Stephanie has my Complete and Total Endorsement! #OK05 	False
2020-10-11	1315091604496158720	RealDonaldTrump	6.259	-4.55	-2.674	positive	Yvette Herrell (@Yvette4Congress) is a proven fighter for New Mexico! She strongly supports our Brave Law Enforcement, Life and the Second Amendment. Strong on the Border and Trade, Yvette has my Complete and Total Endorsement! #NM02 	False
2020-10-11	1315091525941055488	RealDonaldTrump	6.064	-4.186	-2.06	positive	We need @NancyMace in Congress to fight for the people of South Carolina! Strong on the Military, Law Enforcement and our Veterans, Nancy has been with me and our America First agenda since the beginning! Nancy has my Complete and Total Endorsement! #SC01 	False
2020-10-11	1315091499823099909	RealDonaldTrump	5.794	-4.03	-1.739	positive	We need Tiffany Shedd (@Tiffany_Shedd) in Congress to fight for the people of Arizona! She will be a tremendous ally and advocate for Arizona’s Farmers, the Second Amendment and the Border. Tiffany has my Complete and Total Endorsement! #AZ01 	False
2020-10-11	1315091474351087616	RealDonaldTrump	6.05	-3.977	-2.347	positive	Dale Crafts (@DaleCraftsME) will be a tremendous Congressman for Maine! An experienced businessman, Dale knows how to Create Jobs. He loves our Vets &amp; Military and he will always defend your Second Amendment. Dale has my Complete &amp; Total Endorsement! #ME02 	False
2020-10-11	1315091443799789569	RealDonaldTrump	5.797	-4.064	-2.296	positive	Ashley Hinson (@hinsonashley) will be a tremendous advocate for the People of Iowa! She will fight for our Military, Vets, Small Businesses &amp; our Incredible Farmers—a true supporter of our #MAGA Agenda! Ashley has my Complete and Total Endorsement! #IA01 	False
2020-10-11	1315091217533882368	RealDonaldTrump	3.46	-3.922	-0.367	positive	As the 1st President to formally recognize the issue of Missing &amp; Murdered Native Americans, today, I was proud to sign Savanna’s Act &amp; the Not Invisible Act. We have also provided $295 Million to support public safety &amp; crime victims. Forgotten NO MORE! #OperationLadyJustice	False
2020-10-10	1314998881126625280	RealDonaldTrump	-3.724	6.38	-1.778	negative	Joe Biden is a PUPPET of CASTRO-CHAVISTAS like Crazy Bernie, AOC and Castro-lover Karen Bass. Biden is supported by socialist Gustavo Petro, a major LOSER and former M-19 guerrilla leader. Biden is weak on socialism and will betray Colombia. I stand with you!	True
2020-10-10	1314998775451201542	RealDonaldTrump	6.436	-4.502	-2.571	positive	Congratulations to former President @AlvaroUribeVel, a hero, former recipient of the Presidential Medal of Freedom and an ally of our Country in the fight against CASTRO-CHAVISMO! I will always stand with our Colombian friends!	False
2020-10-10	1314764977597755392	RealDonaldTrump	6.082	-3.647	-3.068	positive	I was honored to receive the first ever Presidential Endorsement from the Florida Police Chiefs Association. Thank you, I will NEVER let you down! @FloridaChiefs #LESM 	False
2020-10-09	1314711027326562306	RealDonaldTrump	-3.108	-3.314	7.236	neutral	Documents reveal that General Flynn was entrapped! @EveningEdit @FoxNews	False
2020-10-09	1314710067699159041	RealDonaldTrump	-3.319	6.43	-3.123	negative	.@SteveScully, the Never Trumper next debate moderator, got caught cold. Pulled out the old, “I’ve been hacked”, line. That never works. His bosses are furious at him as he’s lost all credibility!	False
2020-10-09	1314702657215365120	RealDonaldTrump	5.542	-3.339	-2.629	positive	Thank you @SenatorDole. So true! 	False
2020-10-09	1314673151406682117	RealDonaldTrump	4.157	-4.718	0.822	positive	Will be in Sanford, Florida on Monday for a very BIG RALLY! 	False
2020-10-09	1314639360743145474	RealDonaldTrump	-2.944	-3.749	6.942	neutral	COLORADO! Your mail ballots are being sent out beginning TODAY! Fill them out and VOTE #TrumpPence2020! 	False
2020-10-09	1314637928883159040	RealDonaldTrump	-3.754	5.73	-2.157	negative	Breaking News: 50,000 OHIO VOTERS getting WRONG ABSENTEE BALLOTS. Out of control. A Rigged Election!!!	False
2020-10-09	1314594979440979968	RealDonaldTrump	0.549	-5.692	4.452	neutral	Will be doing show with @RushLimbaughEIB at 12:00 P.M. TALK RADIO.  ENJOY!!!	False
2020-10-09	1314593632733847552	RealDonaldTrump	5.187	-5.464	-1.345	positive	Covid Relief Negotiations are moving along. Go Big!	False
2020-10-09	1314592850693238784	RealDonaldTrump	3.649	-5.432	1.699	positive	Just got a briefing on Hurricane Delta rushing toward Louisiana and Mississippi. @fema is there and ready!!!	False
2020-10-09	1314591877765660675	RealDonaldTrump	-2.183	-3.664	6.071	neutral	Crazy Nancy Pelosi is looking at the 25th Amendment in order to replace Joe Biden with Kamala Harris. The Dems want that to happen fast because Sleepy Joe is out of it!!!	True
2020-10-09	1314589397388529664	RealDonaldTrump	6.078	-4.579	-1.655	positive	Steve Scully, the second Debate Moderator, is a Never Trumper, just like the son of the great Mike Wallace. Fix!!!	False
2020-10-09	1314584655740440576	RealDonaldTrump	-1.196	-3.002	4.355	neutral	VOTE! 	False
2020-10-09	1314410650144329728	RealDonaldTrump	-0.74	-3.931	3.848	neutral	Hello! 	False
2020-10-09	1314410306584694784	RealDonaldTrump	-0.311	-2.75	2.907	neutral	I will save your a Second Amendment, Virginia. He is going to take it away. Vote Trump! 	False
2020-10-09	1314408718243557376	RealDonaldTrump	6.7	-4.678	-2.867	positive	Nick has my Complete and Total Endorsement. A warrior for Virginia and the USA! Big on protecting your Second Amendment! 	False
2020-10-09	1314402920474042371	RealDonaldTrump	3.399	-1.898	-2.785	positive	The Gallup Poll has just come out with the incredible finding that 56% of you say that you are better off today, during a pandemic, than you were four years ago (OBiden). Highest number on record! Pretty amazing!	True
2020-10-09	1314377607379640320	RealDonaldTrump	-3.914	6.06	-2.79	negative	Governor Whitmer of Michigan has done a terrible job. She locked down her state for everyone, except her husband’s boating activities. The Federal Government provided tremendous help to the Great People of Michigan. My Justice Department and Federal Law Enforcement announced...	False
2020-10-09	1314377608470159365	RealDonaldTrump	-4.216	6.79	-3.432	negative	...today that they foiled a dangerous plot against the Governor of Michigan. Rather than say thank you, she calls me a White Supremacist—while Biden and Democrats refuse to condemn Antifa, Anarchists, Looters and Mobs that burn down Democrat run cities...	True
2020-10-09	1314377609313243138	RealDonaldTrump	-3.302	6.459	-3.204	negative	...I do not tolerate ANY extreme violence. Defending ALL Americans, even those who oppose and attack me, is what I will always do as your President! Governor Whitmer—open up your state, open up your schools, and open up your churches!	False
2020-10-09	1314372012735959040	RealDonaldTrump	-1.325	3.397	-1.667	negative	Biden is against Oil, Guns and Religion, a very bad combination to be fighting in the Great State of Texas. We are Winning Big, in the Real Polls, all over the Country!!! NOVEMBER 3rd. VOTE!!!	True
2020-10-09	1314367198169792512	RealDonaldTrump	5.414	-3.627	-2.399	positive	Also, they want to Raise Taxes Big and Obliterate your great Second Amendment!!! 	False
2020-10-09	1314362808281321472	RealDonaldTrump	5.835	-4.147	-2.185	positive	I will be interviewed by @seanhannity tonight at 9:00 P.M. @FoxNews  Enjoy!	False
2020-10-08	1314347971048284165	RealDonaldTrump	5.245	-3.687	-2.396	positive	Great honor to have the endorsement of the Governor of Puerto Rico, Wanda Vázquez Garced. As I have always said, Donald J. Trump is the best thing to ever happen to the people of Puerto Rico. The drug manufacturers are now coming back. Biden ended that program! @wandavazquezg	True
2020-10-08	1314288576146927619	RealDonaldTrump	5.581	-3.922	-2.38	positive	Looking forward to speaking with the Great Rush and guests! 	False
2020-10-08	1314287202935992320	RealDonaldTrump	-3.891	6.238	-2.561	negative	Crazy Nancy is the one who should be under observation. They don’t call her Crazy for nothing! 	False
2020-10-08	1314287204873764865	RealDonaldTrump	-1.266	-2.951	4.399	neutral	Kamala Harris Lied Repeatedly and Got Away With It: 	False
2020-10-08	1314279388570169345	RealDonaldTrump	-3.306	6.118	-3.486	negative	Joe Biden has no plan for Coronavirus - ALL TALK! He was a disaster in his handling of H1N1 Swine Flu. He didn’t have a clue, with his own Chief of Staff so saying. If he were in charge, perhaps 2.2 million people would have died from this much more lethal disease!	True
2020-10-08	1314278414359113735	RealDonaldTrump	-3.915	7.01	-3.116	negative	Joe Biden has no plan for Coronavirus - ALL TALK! He was a disaster in his handling oh H1N1 Swine Flu. He didn’t have a clue, with his own Chief of Staff so saying. If he were in charge, perhaps 2.2 million people would have died from this much more lethal disease!	True
2020-10-08	1314252606110412806	RealDonaldTrump	-1.7	-3.755	6.28	neutral	TO MY FAVORITE PEOPLE IN THE WORLD! 	False
2020-10-08	1314236926770241537	RealDonaldTrump	-3.562	6.33	-2.166	negative	The Great Commonwealth of Pennsylvania would absolutely die without the jobs and dollars brought in by Fracking. Massive numbers! Now Biden &amp; Harris, after Radical Left Dem Primaries, are trying to change their stance. Pennsylvania wants Energy and Second Amendment!	True
2020-10-08	1314234952612024322	RealDonaldTrump	-3.227	-2.914	6.437	neutral	If a Republican LIED like Biden and Harris do, constantly, the Lamestream Media would be calling them out at a level never recorded before. For one year they called for No Fracking and big Tax Increases. Now they each say opposite. Fake News is working overtime!	True
2020-10-08	1314229843018555392	RealDonaldTrump	-4.202	6.852	-3.256	negative	Biden will Shutdown the Economy at the tip of a hat, raise your Taxes, knock out your Second Amendment and Defund, or close, your Police. The Suburbs would be next, get ready. Also, and incredibly, PACK THE UNITED STATES SUPREME COURT. This is not what the USA wants!!!  #MAGA	True
2020-10-08	1314170540668657664	RealDonaldTrump	5.843	-3.638	-3.485	positive	Will be interviewed by @MariaBartiromo at 8:00 A.M.  @FoxBusiness  Great Jobs Numbers &amp; Economy, Plus!	False
2020-10-08	1314037081392525312	RealDonaldTrump	-0.851	-2.2	3.064	neutral	Mike Pence WON BIG!	False
2020-10-08	1314033009293656065	RealDonaldTrump	-3.27	-2.093	6.08	neutral	"2010 to 2016 under Kamala Harris's watch as ""TOP COP.”  "	False
2020-10-08	1314025119497551873	RealDonaldTrump	-3.639	-3.183	6.805	neutral	Moderator cut off @VP Mike Pence while discussing the Knights of Columbus. This is what he was referring to...  “Kamala Harris’s Outrageous Assault on the Knights of Columbus” 	False
2020-10-08	1314024010284498949	RealDonaldTrump	0.28	-3.963	3.525	neutral	“Biden TAX PLAN would raise $4 TRILLION, more than twice the hike proposed by Clinton in 2016” 	True
2020-10-08	1314023540753137665	RealDonaldTrump	-4.847	2.535	2.814	neutral	Joe Biden opposed taking out Osama bin Laden...	True
2020-10-08	1314021500941369354	RealDonaldTrump	-2.521	-2.945	5.488	neutral	Mike Pence is doing GREAT! She is a gaffe machine.	False
2020-10-08	1314017484262047745	RealDonaldTrump	-3.115	-2.605	5.916	neutral	Joe Biden and Kamala Harris BOTH want to BAN FRACKING. 	True
2020-10-08	1313996348694433792	RealDonaldTrump	-5.017	-0.191	5.675	neutral	Obama, Biden, Crooked Hillary and many others got caught in a Treasonous Act of Spying and Government Overthrow, a Criminal Act. How is Biden now allowed to run for President?	True
